{
  "devices": [
    { 
      "id":1,
      "location": [
        38.45994025208391,
        27.202577590942383
      ],
        "gateway":null
    },
    {
      "id":2,
      "location": [
        38.45930176244733,
        27.204744815826416
      ],
        "gateway":null
    }
  ]
}