{
  "gateways": [
    {
      "id":1,
      "location": [
        38.46030990139568,
        27.20286726951599
      ],
        "devices":[]
    },
    {
      "id":2,
      "location": [
        38.45971342088658,
        27.203768491744995
      ],
        "devices":[]
    } ,
    {
      "id":3,
      "location": [
        38.459511792556825,
        27.20503449440002
      ],
        "devices":[]
    }
  ]
}
