{
  "mobileDevices":[
  {
    "id":7000,
    "trajectory":  [
      [
        38.460511527494624,
        27.202255725860596
      ],
      [
        38.46055353286094,
        27.20237374305725
      ],
      [
        38.46055353286094,
        27.202470302581787
      ],
      [
        38.46055353286094,
        27.202577590942383
      ],
      [
        38.460578736068996,
        27.202695608139038
      ],
      [
        38.46061234033271,
        27.20286726951599
      ],
      [
        38.46061234033271,
        27.203049659729004
      ],
      [
        38.460603939268275,
        27.203221321105953
      ],
      [
        38.46061234033271,
        27.20341444015503
      ],
      [
        38.46062074139621,
        27.203532457351685
      ],
      [
        38.46055353286094,
        27.203575372695923
      ],
      [
        38.460385511248845,
        27.203575372695923
      ],
      [
        38.460234291463294,
        27.2035539150238
      ],
      [
        38.4601082747332,
        27.203478813171387
      ],
      [
        38.45995705436648,
        27.203500270843506
      ],
      [
        38.45980583368271,
        27.203586101531982
      ],
      [
        38.45970501971743,
        27.20365047454834
      ],
      [
        38.459570600877875,
        27.20368266105652
      ],
      [
        38.45955379850531,
        27.203811407089233
      ],
      [
        38.45960420561124,
        27.203961610794064
      ],
      [
        38.459637810328964,
        27.2041118144989
      ],
      [
        38.459637810328964,
        27.204229831695557
      ],
      [
        38.459637810328964,
        27.20435857772827
      ],
      [
        38.45947818778038,
        27.204455137252804
      ],
      [
        38.45931016366345,
        27.204530239105225
      ],
      [
        38.45923455268316,
        27.204701900482174
      ]
    ],
    "location":[
      38.45970501971743,
      27.199723720550537
    ],
    "gateway":null  
  }
]
}